3001,Yash Sharma,1020,Father
3002,Ahana,1019,Daughter
3003,Chirag Mishra,1005,Brother
3004,Ira Sharma,1020,Wife
3005,Sunil Saxena,1007,Son
3006,Nehal Agarwal,1004,Daughter
3007,Kavya Jai,1006,Wife
3008,Kunal Singh,1008,Son
3009,Navya Srivastava,1009,Wife
3010,Jugnu Singh,1017,Wife
3011,Amrit Kaur,1017,Daughter
3012,Yamini Singh,1012,Daughter
3013,Shraddha Kaur,1014,Wife
3014,T Bundela,1013,Daughter
3015,Sameer Jaiswal,1016,Son
3016,Manish Kumar,1011,Brother
3017,Tushar Mishra,1005,Son
3018,Somya Baswana,1001,Daughter
3019,Amrita Tiwari,1010,Wife
3020,Komal Yadav,1018,Daughter
3021,GG,1050,Husband
3022,GH,1044,Son
3023,GI,1047,Daugher
3024,GJ,2001,Wife
3025,GK,1043,Daughter
3026,GL,1022,Son
3027,HG,1032,Son
3028,HH,1034,Husband
3029,HI,1028,Daughter
3030,HJ,1021,Son
3031,HK,2012,Wife
3032,HL,1032,Wife
3033,IG,1020,Son
3034,IH,1049,Wife
3035,II,1028,Daughter
3036,IJ,2013,Husband
3037,IK,2014,Husband
3038,IL,1023,Daughter
3039,JG,1041,Son
3040,JH,1039,Brother
3041,JI,1047,Brother
3042,JJ,1040,Sister
3043,JK,1043,Daughter
3044,JL,1038,Son
3045,KG,1032,Husband
3046,KH,1034,Wife
3047,KI,1037,Son
3048,KJ,1025,Son
3049,KK,1041,Brother
3050,KL,1025,Mother
